Einsum,Dimensions,K_Value,Dtype,Torch_GFLOPS,JIT_GFLOPS
"km,nk->nm","2,256,256",2,"BF16",4.21332,19.417
"km,nk->nm","2,256,256",2,"FP32",9.00165,15.8327
"km,nk->nm","2,256,256",2,"FP64",7.29082,7.80531
"km,nk->nm","4,256,256",4,"BF16",8.47135,31.3221
"km,nk->nm","4,256,256",4,"FP32",18.3519,29.6042
"km,nk->nm","4,256,256",4,"FP64",2.84225,15.0241
"km,nk->nm","6,256,256",6,"BF16",12.2981,45.0451
"km,nk->nm","6,256,256",6,"FP32",7.93723,33.2052
"km,nk->nm","6,256,256",6,"FP64",18.0213,16.7175
"km,nk->nm","8,256,256",8,"BF16",16.7179,55.9645
"km,nk->nm","8,256,256",8,"FP32",10.9106,39.5007
"km,nk->nm","8,256,256",8,"FP64",6.34172,19.7327
"km,nk->nm","10,256,256",10,"BF16",17.5694,61.6634
"km,nk->nm","10,256,256",10,"FP32",15.4629,43.658
"km,nk->nm","10,256,256",10,"FP64",24.3786,22.0514
"km,nk->nm","12,256,256",12,"BF16",22.1598,75.9988
"km,nk->nm","12,256,256",12,"FP32",18.2066,47.7984
"km,nk->nm","12,256,256",12,"FP64",24.8781,24.1643
"km,nk->nm","14,256,256",14,"BF16",23.575,73.2771
"km,nk->nm","14,256,256",14,"FP32",20.7276,51.184
"km,nk->nm","14,256,256",14,"FP64",27.0741,25.7636
"km,nk->nm","16,256,256",16,"BF16",27.5509,92.0264
"km,nk->nm","16,256,256",16,"FP32",23.3361,53.8689
"km,nk->nm","16,256,256",16,"FP64",28.4983,27.2209
"km,nk->nm","18,256,256",18,"BF16",28.2304,81.3618
"km,nk->nm","18,256,256",18,"FP32",25.5563,56.2224
"km,nk->nm","18,256,256",18,"FP64",30.0771,28.3196
"km,nk->nm","20,256,256",20,"BF16",33.9742,104.745
"km,nk->nm","20,256,256",20,"FP32",26.832,58.6307
"km,nk->nm","20,256,256",20,"FP64",31.2388,29.3892
"km,nk->nm","22,256,256",22,"BF16",35.2274,88.3427
"km,nk->nm","22,256,256",22,"FP32",21.3267,60.417
"km,nk->nm","22,256,256",22,"FP64",32.1079,30.1343
"km,nk->nm","24,256,256",24,"BF16",39.1013,115.149
"km,nk->nm","24,256,256",24,"FP32",23.6858,62.1706
"km,nk->nm","24,256,256",24,"FP64",33.0705,30.7352
"km,nk->nm","26,256,256",26,"BF16",38.4535,93.5901
"km,nk->nm","26,256,256",26,"FP32",31.1896,63.8035
"km,nk->nm","26,256,256",26,"FP64",33.4906,31.9906
"km,nk->nm","28,256,256",28,"BF16",44.8406,125.726
"km,nk->nm","28,256,256",28,"FP32",27.1937,65.0326
"km,nk->nm","28,256,256",28,"FP64",34.585,32.4861
"km,nk->nm","30,256,256",30,"BF16",41.9866,97.9809
"km,nk->nm","30,256,256",30,"FP32",28.9246,66.3011
"km,nk->nm","30,256,256",30,"FP64",34.577,32.7308
"km,nk->nm","32,256,256",32,"BF16",48.7689,134.698
"km,nk->nm","32,256,256",32,"FP32",28.5932,67.6104
"km,nk->nm","32,256,256",32,"FP64",35.4422,33.467
"km,nk->nm","34,256,256",34,"BF16",43.9766,102.258
"km,nk->nm","34,256,256",34,"FP32",29.6712,68.6114
"km,nk->nm","34,256,256",34,"FP64",35.9998,34.0635
"km,nk->nm","36,256,256",36,"BF16",54.3829,142.309
"km,nk->nm","36,256,256",36,"FP32",31.0086,69.7035
"km,nk->nm","36,256,256",36,"FP64",36.398,34.3161
"km,nk->nm","38,256,256",38,"BF16",52.2278,104.936
"km,nk->nm","38,256,256",38,"FP32",30.4047,70.2306
"km,nk->nm","38,256,256",38,"FP64",36.5349,34.4181
"km,nk->nm","40,256,256",40,"BF16",57.6226,148.952
"km,nk->nm","40,256,256",40,"FP32",37.4006,70.7166
"km,nk->nm","40,256,256",40,"FP64",37.2375,34.8295
"km,nk->nm","42,256,256",42,"BF16",46.2135,107.556
"km,nk->nm","42,256,256",42,"FP32",33.8219,71.8457
"km,nk->nm","42,256,256",42,"FP64",37.5692,35.2146
"km,nk->nm","44,256,256",44,"BF16",58.9859,155.955
"km,nk->nm","44,256,256",44,"FP32",42.5599,72.493
"km,nk->nm","44,256,256",44,"FP64",37.8022,35.6319
"km,nk->nm","46,256,256",46,"BF16",47.6093,109.667
"km,nk->nm","46,256,256",46,"FP32",36.1424,72.8456
"km,nk->nm","46,256,256",46,"FP64",38.1178,35.7775
"km,nk->nm","48,256,256",48,"BF16",55.1947,161.342
"km,nk->nm","48,256,256",48,"FP32",36.0906,73.5462
"km,nk->nm","48,256,256",48,"FP64",38.3282,35.6801
"km,nk->nm","50,256,256",50,"BF16",58.3222,112.067
"km,nk->nm","50,256,256",50,"FP32",35.7696,73.7377
"km,nk->nm","50,256,256",50,"FP64",38.4867,36.1793
"km,nk->nm","52,256,256",52,"BF16",66.5692,165.192
"km,nk->nm","52,256,256",52,"FP32",37.5179,74.6881
"km,nk->nm","52,256,256",52,"FP64",38.7326,36.7754
"km,nk->nm","54,256,256",54,"BF16",64.8663,113.941
"km,nk->nm","54,256,256",54,"FP32",39.9655,75.7775
"km,nk->nm","54,256,256",54,"FP64",39.0899,36.778
"km,nk->nm","56,256,256",56,"BF16",58.2378,170.435
"km,nk->nm","56,256,256",56,"FP32",40.0874,75.4702
"km,nk->nm","56,256,256",56,"FP64",39.4963,37.2352
"km,nk->nm","58,256,256",58,"BF16",66.7056,115.285
"km,nk->nm","58,256,256",58,"FP32",40.2018,76.2477
"km,nk->nm","58,256,256",58,"FP64",39.7135,37.2991
"km,nk->nm","60,256,256",60,"BF16",70.2049,175.46
"km,nk->nm","60,256,256",60,"FP32",40.6845,76.765
"km,nk->nm","60,256,256",60,"FP64",39.6788,37.3557
"km,nk->nm","62,256,256",62,"BF16",65.915,117.234
"km,nk->nm","62,256,256",62,"FP32",41.1514,76.3135
"km,nk->nm","62,256,256",62,"FP64",40.1212,38.1019
"km,nk->nm","64,256,256",64,"BF16",74.8343,177.348
"km,nk->nm","64,256,256",64,"FP32",43.8005,77.1392
"km,nk->nm","64,256,256",64,"FP64",40.0886,36.831
"km,nk->nm","66,256,256",66,"BF16",71.4791,118.033
"km,nk->nm","66,256,256",66,"FP32",44.5697,77.7594
"km,nk->nm","66,256,256",66,"FP64",39.7771,37.7549
"km,nk->nm","68,256,256",68,"BF16",79.4218,182.22
"km,nk->nm","68,256,256",68,"FP32",42.1648,78.0752
"km,nk->nm","68,256,256",68,"FP64",40.0105,37.6297
"km,nk->nm","70,256,256",70,"BF16",74.8015,118.639
"km,nk->nm","70,256,256",70,"FP32",45.4132,78.0653
"km,nk->nm","70,256,256",70,"FP64",40.6276,35.9797
"km,nk->nm","72,256,256",72,"BF16",79.3468,184.203
"km,nk->nm","72,256,256",72,"FP32",45.303,78.4665
"km,nk->nm","72,256,256",72,"FP64",40.0854,38.0993
"km,nk->nm","74,256,256",74,"BF16",76.19,120.149
"km,nk->nm","74,256,256",74,"FP32",46.5236,78.6786
"km,nk->nm","74,256,256",74,"FP64",40.8046,38.4671
"km,nk->nm","76,256,256",76,"BF16",82.6463,188.047
"km,nk->nm","76,256,256",76,"FP32",45.2629,79.2767
"km,nk->nm","76,256,256",76,"FP64",40.9954,38.5257
"km,nk->nm","78,256,256",78,"BF16",79.6244,121.089
"km,nk->nm","78,256,256",78,"FP32",46.6329,79.1835
"km,nk->nm","78,256,256",78,"FP64",41.1104,38.6513
"km,nk->nm","80,256,256",80,"BF16",87.515,190.284
"km,nk->nm","80,256,256",80,"FP32",46.3899,79.0082
"km,nk->nm","80,256,256",80,"FP64",40.9274,37.5379
"km,nk->nm","82,256,256",82,"BF16",82.3672,121.565
"km,nk->nm","82,256,256",82,"FP32",47.7949,79.3253
"km,nk->nm","82,256,256",82,"FP64",32.1956,38.5938
"km,nk->nm","84,256,256",84,"BF16",87.5641,192.84
"km,nk->nm","84,256,256",84,"FP32",47.0344,80.126
"km,nk->nm","84,256,256",84,"FP64",31.9774,38.3241
"km,nk->nm","86,256,256",86,"BF16",84.0246,122.75
"km,nk->nm","86,256,256",86,"FP32",45.4293,79.3532
"km,nk->nm","86,256,256",86,"FP64",32.217,37.9063
"km,nk->nm","88,256,256",88,"BF16",90.642,195.285
"km,nk->nm","88,256,256",88,"FP32",45.2009,80.2959
"km,nk->nm","88,256,256",88,"FP64",31.6522,36.9911
"km,nk->nm","90,256,256",90,"BF16",83.9806,123.339
"km,nk->nm","90,256,256",90,"FP32",44.6954,80.0702
"km,nk->nm","90,256,256",90,"FP64",32.7592,37.5572
"km,nk->nm","92,256,256",92,"BF16",91.2717,198.519
"km,nk->nm","92,256,256",92,"FP32",45.5729,80.812
"km,nk->nm","92,256,256",92,"FP64",32.7944,37.2864
"km,nk->nm","94,256,256",94,"BF16",87.4915,124.133
"km,nk->nm","94,256,256",94,"FP32",46.2612,80.7391
"km,nk->nm","94,256,256",94,"FP64",32.8715,37.7155
"km,nk->nm","96,256,256",96,"BF16",93.6564,199.317
"km,nk->nm","96,256,256",96,"FP32",47.6185,79.1868
"km,nk->nm","96,256,256",96,"FP64",33.1587,37.0532
"km,nk->nm","98,256,256",98,"BF16",89.4612,124.931
"km,nk->nm","98,256,256",98,"FP32",46.6561,80.6496
"km,nk->nm","98,256,256",98,"FP64",33.481,38.1425
"km,nk->nm","100,256,256",100,"BF16",95.2622,201.33
"km,nk->nm","100,256,256",100,"FP32",46.2901,81.3455
"km,nk->nm","100,256,256",100,"FP64",33.5929,37.8694
"km,nk->nm","102,256,256",102,"BF16",89.6668,125.219
"km,nk->nm","102,256,256",102,"FP32",48.4477,81.5751
"km,nk->nm","102,256,256",102,"FP64",33.9996,38.2284
"km,nk->nm","104,256,256",104,"BF16",94.9204,201.829
"km,nk->nm","104,256,256",104,"FP32",47.6596,80.8882
"km,nk->nm","104,256,256",104,"FP64",34.1761,37.3669
"km,nk->nm","106,256,256",106,"BF16",91.2289,125.362
"km,nk->nm","106,256,256",106,"FP32",50.1273,81.3292
"km,nk->nm","106,256,256",106,"FP64",34.2067,37.8051
"km,nk->nm","108,256,256",108,"BF16",97.3329,204.793
"km,nk->nm","108,256,256",108,"FP32",49.8596,81.4436
"km,nk->nm","108,256,256",108,"FP64",34.2792,38.003
"km,nk->nm","110,256,256",110,"BF16",93.0603,125.951
"km,nk->nm","110,256,256",110,"FP32",56.5282,81.397
"km,nk->nm","110,256,256",110,"FP64",34.6288,38.1827
"km,nk->nm","112,256,256",112,"BF16",98.7584,207.301
"km,nk->nm","112,256,256",112,"FP32",50.8869,81.4246
"km,nk->nm","112,256,256",112,"FP64",34.8824,36.8247
"km,nk->nm","114,256,256",114,"BF16",93.9334,126.588
"km,nk->nm","114,256,256",114,"FP32",49.8826,82.1743
"km,nk->nm","114,256,256",114,"FP64",35.0533,38.2378
"km,nk->nm","116,256,256",116,"BF16",98.053,207.123
"km,nk->nm","116,256,256",116,"FP32",51.5902,82.4644
"km,nk->nm","116,256,256",116,"FP64",35.1535,38.1979
"km,nk->nm","118,256,256",118,"BF16",96.3435,126.765
"km,nk->nm","118,256,256",118,"FP32",51.7056,82.1127
"km,nk->nm","118,256,256",118,"FP64",35.2036,38.1874
"km,nk->nm","120,256,256",120,"BF16",101.741,209.328
"km,nk->nm","120,256,256",120,"FP32",52.5624,82.6206
"km,nk->nm","120,256,256",120,"FP64",35.3051,37.741
"km,nk->nm","122,256,256",122,"BF16",96.6695,126.815
"km,nk->nm","122,256,256",122,"FP32",50.2998,82.5231
"km,nk->nm","122,256,256",122,"FP64",35.6571,38.215
"km,nk->nm","124,256,256",124,"BF16",102.802,211.382
"km,nk->nm","124,256,256",124,"FP32",54.6774,82.7096
"km,nk->nm","124,256,256",124,"FP64",35.6849,38.0888
"km,nk->nm","126,256,256",126,"BF16",97.0854,127.728
"km,nk->nm","126,256,256",126,"FP32",52.4981,82.4028
"km,nk->nm","126,256,256",126,"FP64",35.808,37.7375
"km,nk->nm","128,256,256",128,"BF16",101.073,207.741
"km,nk->nm","128,256,256",128,"FP32",45.1679,80.4742
"km,nk->nm","128,256,256",128,"FP64",35.7257,36.814
"km,nk->nm","130,256,256",130,"BF16",97.3298,126.198
"km,nk->nm","130,256,256",130,"FP32",46.7314,83.1266
"km,nk->nm","130,256,256",130,"FP64",35.8702,38.1173
"km,nk->nm","132,256,256",132,"BF16",105.566,211.952
"km,nk->nm","132,256,256",132,"FP32",57.1329,83.5776
"km,nk->nm","132,256,256",132,"FP64",35.8497,36.7079
"km,nk->nm","134,256,256",134,"BF16",99.7119,126.849
"km,nk->nm","134,256,256",134,"FP32",56.1217,83.1291
"km,nk->nm","134,256,256",134,"FP64",36.2101,38.2932
"km,nk->nm","136,256,256",136,"BF16",104.601,214.574
"km,nk->nm","136,256,256",136,"FP32",56.7587,83.0202
"km,nk->nm","136,256,256",136,"FP64",36.4644,37.5087
"km,nk->nm","138,256,256",138,"BF16",87.8472,126.605
"km,nk->nm","138,256,256",138,"FP32",57.0064,83.4241
"km,nk->nm","138,256,256",138,"FP64",36.6469,38.0179
"km,nk->nm","140,256,256",140,"BF16",94.2416,213.639
"km,nk->nm","140,256,256",140,"FP32",58.4996,83.2702
"km,nk->nm","140,256,256",140,"FP64",36.7273,38.3222
"km,nk->nm","142,256,256",142,"BF16",88.4523,127.038
"km,nk->nm","142,256,256",142,"FP32",59.1586,83.846
"km,nk->nm","142,256,256",142,"FP64",36.6226,37.6728
"km,nk->nm","144,256,256",144,"BF16",96.3552,212.576
"km,nk->nm","144,256,256",144,"FP32",60.1521,82.78
"km,nk->nm","144,256,256",144,"FP64",36.6862,36.1087
"km,nk->nm","146,256,256",146,"BF16",89.1693,126.021
"km,nk->nm","146,256,256",146,"FP32",58.9159,82.8987
"km,nk->nm","146,256,256",146,"FP64",37.2703,37.9859
"km,nk->nm","148,256,256",148,"BF16",96.1163,215.491
"km,nk->nm","148,256,256",148,"FP32",60.4454,82.6607
"km,nk->nm","148,256,256",148,"FP64",36.9824,38.2762
"km,nk->nm","150,256,256",150,"BF16",85.6686,125.933
"km,nk->nm","150,256,256",150,"FP32",57.9055,83.0906
"km,nk->nm","150,256,256",150,"FP64",37.2291,38.3165
"km,nk->nm","152,256,256",152,"BF16",97.3448,217.479
"km,nk->nm","152,256,256",152,"FP32",60.81,83.6124
"km,nk->nm","152,256,256",152,"FP64",37.4175,36.6
"km,nk->nm","154,256,256",154,"BF16",87.247,125.47
"km,nk->nm","154,256,256",154,"FP32",59.879,83.5123
"km,nk->nm","154,256,256",154,"FP64",37.2783,36.2767
"km,nk->nm","156,256,256",156,"BF16",97.8462,215.525
"km,nk->nm","156,256,256",156,"FP32",58.2211,83.5879
"km,nk->nm","156,256,256",156,"FP64",37.5754,36.9922
"km,nk->nm","158,256,256",158,"BF16",87.5284,125.811
"km,nk->nm","158,256,256",158,"FP32",60.8806,83.7392
"km,nk->nm","158,256,256",158,"FP64",32.6903,38.3424
"km,nk->nm","160,256,256",160,"BF16",99.0613,218.453
"km,nk->nm","160,256,256",160,"FP32",58.9103,80.4487
"km,nk->nm","160,256,256",160,"FP64",32.4568,36.0793
"km,nk->nm","162,256,256",162,"BF16",89.8922,125.673
"km,nk->nm","162,256,256",162,"FP32",57.6948,83.9863
"km,nk->nm","162,256,256",162,"FP64",32.3793,37.7786
"km,nk->nm","164,256,256",164,"BF16",100.293,219.928
"km,nk->nm","164,256,256",164,"FP32",52.7558,83.8168
"km,nk->nm","164,256,256",164,"FP64",32.9806,37.0731
"km,nk->nm","166,256,256",166,"BF16",89.4565,125.959
"km,nk->nm","166,256,256",166,"FP32",52.6607,83.3824
"km,nk->nm","166,256,256",166,"FP64",33.0684,37.985
"km,nk->nm","168,256,256",168,"BF16",101.67,218.298
"km,nk->nm","168,256,256",168,"FP32",53.0939,83.4707
"km,nk->nm","168,256,256",168,"FP64",32.8276,37.9004
"km,nk->nm","170,256,256",170,"BF16",92.4081,126.125
"km,nk->nm","170,256,256",170,"FP32",53.264,83.7833
"km,nk->nm","170,256,256",170,"FP64",32.77,37.2166
"km,nk->nm","172,256,256",172,"BF16",101.418,221.547
"km,nk->nm","172,256,256",172,"FP32",53.6769,83.897
"km,nk->nm","172,256,256",172,"FP64",32.1244,37.4452
"km,nk->nm","174,256,256",174,"BF16",91.0828,127.271
"km,nk->nm","174,256,256",174,"FP32",52.0163,83.515
"km,nk->nm","174,256,256",174,"FP64",33.0374,37.8308
"km,nk->nm","176,256,256",176,"BF16",102.216,222.261
"km,nk->nm","176,256,256",176,"FP32",54.2086,80.1986
"km,nk->nm","176,256,256",176,"FP64",33.1609,36.3899
"km,nk->nm","178,256,256",178,"BF16",96.8192,126.066
"km,nk->nm","178,256,256",178,"FP32",56.3872,83.4786
"km,nk->nm","178,256,256",178,"FP64",32.8453,38.1962
"km,nk->nm","180,256,256",180,"BF16",103.757,219.409
"km,nk->nm","180,256,256",180,"FP32",57.8408,83.451
"km,nk->nm","180,256,256",180,"FP64",33.2331,37.6297
"km,nk->nm","182,256,256",182,"BF16",96.9857,126.151
"km,nk->nm","182,256,256",182,"FP32",56.084,83.579
"km,nk->nm","182,256,256",182,"FP64",33.4384,37.8859
"km,nk->nm","184,256,256",184,"BF16",106.814,223.147
"km,nk->nm","184,256,256",184,"FP32",58.946,83.4934
"km,nk->nm","184,256,256",184,"FP64",33.2437,36.8653
"km,nk->nm","186,256,256",186,"BF16",94.5705,125.511
"km,nk->nm","186,256,256",186,"FP32",58.6806,84.2375
"km,nk->nm","186,256,256",186,"FP64",33.5828,35.2917
"km,nk->nm","188,256,256",188,"BF16",108.285,223.232
"km,nk->nm","188,256,256",188,"FP32",57.8052,81.0707
"km,nk->nm","188,256,256",188,"FP64",32.7409,34.4096
"km,nk->nm","190,256,256",190,"BF16",98.0805,125.928
"km,nk->nm","190,256,256",190,"FP32",55.6469,82.6919
"km,nk->nm","190,256,256",190,"FP64",33.5723,36.5142
"km,nk->nm","192,256,256",192,"BF16",108.353,216.963
"km,nk->nm","192,256,256",192,"FP32",55.0785,79.6717
"km,nk->nm","192,256,256",192,"FP64",33.2319,34.9609
"km,nk->nm","194,256,256",194,"BF16",97.9109,126.215
"km,nk->nm","194,256,256",194,"FP32",54.9988,83.7604
"km,nk->nm","194,256,256",194,"FP64",33.0012,37.5866
"km,nk->nm","196,256,256",196,"BF16",106.809,224.709
"km,nk->nm","196,256,256",196,"FP32",54.8151,84.0612
"km,nk->nm","196,256,256",196,"FP64",44.5586,38.1895
"km,nk->nm","198,256,256",198,"BF16",97.0468,127.302
"km,nk->nm","198,256,256",198,"FP32",54.7412,84.5501
"km,nk->nm","198,256,256",198,"FP64",44.8934,38.2298
"km,nk->nm","200,256,256",200,"BF16",110.675,225.216
"km,nk->nm","200,256,256",200,"FP32",54.8855,83.7894
"km,nk->nm","200,256,256",200,"FP64",43.657,37.9074
"km,nk->nm","202,256,256",202,"BF16",101.102,127.421
"km,nk->nm","202,256,256",202,"FP32",53.8776,83.4133
"km,nk->nm","202,256,256",202,"FP64",44.6525,35.8264
"km,nk->nm","204,256,256",204,"BF16",116.536,224.252
"km,nk->nm","204,256,256",204,"FP32",55.2388,83.6557
"km,nk->nm","204,256,256",204,"FP64",44.6867,36.107
"km,nk->nm","206,256,256",206,"BF16",103.566,126.484
"km,nk->nm","206,256,256",206,"FP32",55.252,83.3613
"km,nk->nm","206,256,256",206,"FP64",44.0963,38.164
"km,nk->nm","208,256,256",208,"BF16",109.602,227.21
"km,nk->nm","208,256,256",208,"FP32",55.3895,82.1194
"km,nk->nm","208,256,256",208,"FP64",44.6412,34.3402
"km,nk->nm","210,256,256",210,"BF16",106.23,126.376
"km,nk->nm","210,256,256",210,"FP32",55.6471,84.0084
"km,nk->nm","210,256,256",210,"FP64",43.7232,37.6966
"km,nk->nm","212,256,256",212,"BF16",112.023,225.218
"km,nk->nm","212,256,256",212,"FP32",54.8442,82.8338
"km,nk->nm","212,256,256",212,"FP64",44.4739,33.7011
"km,nk->nm","214,256,256",214,"BF16",106.545,126.106
"km,nk->nm","214,256,256",214,"FP32",55.7585,83.81
"km,nk->nm","214,256,256",214,"FP64",45.007,37.8525
"km,nk->nm","216,256,256",216,"BF16",106.18,227.462
"km,nk->nm","216,256,256",216,"FP32",55.6331,83.8397
"km,nk->nm","216,256,256",216,"FP64",43.83,36.3657
"km,nk->nm","218,256,256",218,"BF16",101.77,125.778
"km,nk->nm","218,256,256",218,"FP32",55.7282,83.3401
"km,nk->nm","218,256,256",218,"FP64",44.4107,35.1078
"km,nk->nm","220,256,256",220,"BF16",114.298,225.963
"km,nk->nm","220,256,256",220,"FP32",56.0471,83.4983
"km,nk->nm","220,256,256",220,"FP64",44.8181,36.8843
"km,nk->nm","222,256,256",222,"BF16",103.896,127.741
"km,nk->nm","222,256,256",222,"FP32",56.3946,82.8217
"km,nk->nm","222,256,256",222,"FP64",44.17,37.8237
"km,nk->nm","224,256,256",224,"BF16",114.573,222.973
"km,nk->nm","224,256,256",224,"FP32",51.5914,79.0635
"km,nk->nm","224,256,256",224,"FP64",44.6619,35.3758
"km,nk->nm","226,256,256",226,"BF16",103.502,126.016
"km,nk->nm","226,256,256",226,"FP32",59.0919,82.5837
"km,nk->nm","226,256,256",226,"FP64",43.6855,34.2766
"km,nk->nm","228,256,256",228,"BF16",107.594,228.816
"km,nk->nm","228,256,256",228,"FP32",56.7328,83.4277
"km,nk->nm","228,256,256",228,"FP64",44.438,36.5482
"km,nk->nm","230,256,256",230,"BF16",107.87,126.979
"km,nk->nm","230,256,256",230,"FP32",58.1835,83.7584
"km,nk->nm","230,256,256",230,"FP64",44.9444,37.2537
"km,nk->nm","232,256,256",232,"BF16",120.76,226.903
"km,nk->nm","232,256,256",232,"FP32",56.2744,83.549
"km,nk->nm","232,256,256",232,"FP64",44.1073,35.3755
"km,nk->nm","234,256,256",234,"BF16",102.864,126.659
"km,nk->nm","234,256,256",234,"FP32",58.3457,83.6185
"km,nk->nm","234,256,256",234,"FP64",44.5268,35.0882
"km,nk->nm","236,256,256",236,"BF16",117.886,227.267
"km,nk->nm","236,256,256",236,"FP32",59.5082,82.4546
"km,nk->nm","236,256,256",236,"FP64",44.7448,36.4842
"km,nk->nm","238,256,256",238,"BF16",106.676,126.195
"km,nk->nm","238,256,256",238,"FP32",59.453,84.2125
"km,nk->nm","238,256,256",238,"FP64",44.1073,36.7771
"km,nk->nm","240,256,256",240,"BF16",114.018,227.226
"km,nk->nm","240,256,256",240,"FP32",54.7919,83.0146
"km,nk->nm","240,256,256",240,"FP64",44.7269,34.5573
"km,nk->nm","242,256,256",242,"BF16",108.618,126.041
"km,nk->nm","242,256,256",242,"FP32",61.516,84.719
"km,nk->nm","242,256,256",242,"FP64",45.1357,35.8236
"km,nk->nm","244,256,256",244,"BF16",118.901,226.46
"km,nk->nm","244,256,256",244,"FP32",60.0757,81.163
"km,nk->nm","244,256,256",244,"FP64",44.4759,34.3631
"km,nk->nm","246,256,256",246,"BF16",111.756,126.559
"km,nk->nm","246,256,256",246,"FP32",56.1465,83.3733
"km,nk->nm","246,256,256",246,"FP64",44.8721,36.9949
"km,nk->nm","248,256,256",248,"BF16",117.321,224.858
"km,nk->nm","248,256,256",248,"FP32",55.2508,80.0649
"km,nk->nm","248,256,256",248,"FP64",44.0583,35.0783
"km,nk->nm","250,256,256",250,"BF16",101.229,125.735
"km,nk->nm","250,256,256",250,"FP32",58.4008,83.6817
"km,nk->nm","250,256,256",250,"FP64",44.6563,32.5591
"km,nk->nm","252,256,256",252,"BF16",116.054,227.29
"km,nk->nm","252,256,256",252,"FP32",59.689,82.6244
"km,nk->nm","252,256,256",252,"FP64",45.2507,34.4198
"km,nk->nm","254,256,256",254,"BF16",102.82,127.273
"km,nk->nm","254,256,256",254,"FP32",56.5753,83.3534
"km,nk->nm","254,256,256",254,"FP64",44.3232,36.1959
"km,nk->nm","256,256,256",256,"BF16",97.9093,223.859
"km,nk->nm","256,256,256",256,"FP32",54.0467,78.3048
"km,nk->nm","256,256,256",256,"FP64",45.0457,33.9808
"km,nk->nm","258,256,256",258,"BF16",96.9309,125.261
"km,nk->nm","258,256,256",258,"FP32",63.7399,82.8279
"km,nk->nm","258,256,256",258,"FP64",44.8569,32.6878
"km,nk->nm","260,256,256",260,"BF16",106.577,227.417
"km,nk->nm","260,256,256",260,"FP32",62.6763,83.2998
"km,nk->nm","260,256,256",260,"FP64",44.2932,36.6348
"km,nk->nm","262,256,256",262,"BF16",102.411,126.652
"km,nk->nm","262,256,256",262,"FP32",61.5914,82.8842
"km,nk->nm","262,256,256",262,"FP64",45.2077,35.4676
"km,nk->nm","264,256,256",264,"BF16",108.193,227.516
"km,nk->nm","264,256,256",264,"FP32",57.5716,83.3948
"km,nk->nm","264,256,256",264,"FP64",45.3071,34.3266
"km,nk->nm","266,256,256",266,"BF16",102.298,126.914
"km,nk->nm","266,256,256",266,"FP32",56.0903,84.0786
"km,nk->nm","266,256,256",266,"FP64",44.7027,36.1632
"km,nk->nm","268,256,256",268,"BF16",107.563,227.786
"km,nk->nm","268,256,256",268,"FP32",58.8577,83.5647
"km,nk->nm","268,256,256",268,"FP64",45.0624,34.8645
"km,nk->nm","270,256,256",270,"BF16",100.695,127.355
"km,nk->nm","270,256,256",270,"FP32",60.1807,83.6965
"km,nk->nm","270,256,256",270,"FP64",44.2605,34.7962
"km,nk->nm","272,256,256",272,"BF16",108.371,228.166
"km,nk->nm","272,256,256",272,"FP32",56.532,81.7508
"km,nk->nm","272,256,256",272,"FP64",45.0028,32.5003
"km,nk->nm","274,256,256",274,"BF16",101.53,127.593
"km,nk->nm","274,256,256",274,"FP32",57.4606,83.7304
"km,nk->nm","274,256,256",274,"FP64",45.3613,32.2542
"km,nk->nm","276,256,256",276,"BF16",106.947,227.883
"km,nk->nm","276,256,256",276,"FP32",59.1931,82.9899
"km,nk->nm","276,256,256",276,"FP64",44.1429,34.705
"km,nk->nm","278,256,256",278,"BF16",103.982,126.956
"km,nk->nm","278,256,256",278,"FP32",64.9744,83.6543
"km,nk->nm","278,256,256",278,"FP64",45.0025,35.4521
"km,nk->nm","280,256,256",280,"BF16",106.97,226.761
"km,nk->nm","280,256,256",280,"FP32",64.6411,82.8055
"km,nk->nm","280,256,256",280,"FP64",45.3,35.9957
"km,nk->nm","282,256,256",282,"BF16",102.026,126.934
"km,nk->nm","282,256,256",282,"FP32",59.7439,82.8148
"km,nk->nm","282,256,256",282,"FP64",44.9806,34.6147
"km,nk->nm","284,256,256",284,"BF16",106.739,232.99
"km,nk->nm","284,256,256",284,"FP32",60.2042,81.7643
"km,nk->nm","284,256,256",284,"FP64",45.2967,34.3983
"km,nk->nm","286,256,256",286,"BF16",106.121,126.946
"km,nk->nm","286,256,256",286,"FP32",60.1504,83.0326
"km,nk->nm","286,256,256",286,"FP64",44.5174,36.9598
"km,nk->nm","288,256,256",288,"BF16",107.52,223.957
"km,nk->nm","288,256,256",288,"FP32",58.0917,73.5276
"km,nk->nm","288,256,256",288,"FP64",44.8706,32.4993
"km,nk->nm","290,256,256",290,"BF16",101.458,126.122
"km,nk->nm","290,256,256",290,"FP32",60.8728,75.9625
"km,nk->nm","290,256,256",290,"FP64",45.3009,34.1503
"km,nk->nm","292,256,256",292,"BF16",108.563,231.259
"km,nk->nm","292,256,256",292,"FP32",61.4171,83.2833
"km,nk->nm","292,256,256",292,"FP64",44.6422,37.354
"km,nk->nm","294,256,256",294,"BF16",105.542,126.651
"km,nk->nm","294,256,256",294,"FP32",57.4586,82.7211
"km,nk->nm","294,256,256",294,"FP64",45.2473,31.6671
"km,nk->nm","296,256,256",296,"BF16",109.107,228.485
"km,nk->nm","296,256,256",296,"FP32",59.2577,81.8942
"km,nk->nm","296,256,256",296,"FP64",45.4848,35.4847
"km,nk->nm","298,256,256",298,"BF16",102.949,126.902
"km,nk->nm","298,256,256",298,"FP32",61.0337,84.0959
"km,nk->nm","298,256,256",298,"FP64",44.7369,36.0473
"km,nk->nm","300,256,256",300,"BF16",111.616,229.143
"km,nk->nm","300,256,256",300,"FP32",60.5092,81.2867
"km,nk->nm","300,256,256",300,"FP64",45.2329,34.346
"km,nk->nm","302,256,256",302,"BF16",115.598,126.233
"km,nk->nm","302,256,256",302,"FP32",60.1053,76.2889
"km,nk->nm","302,256,256",302,"FP64",45.509,32.4827
"km,nk->nm","304,256,256",304,"BF16",107.389,234.036
"km,nk->nm","304,256,256",304,"FP32",60.413,82.5814
"km,nk->nm","304,256,256",304,"FP64",44.8545,30.6209
"km,nk->nm","306,256,256",306,"BF16",102.841,126.696
"km,nk->nm","306,256,256",306,"FP32",59.136,83.6316
"km,nk->nm","306,256,256",306,"FP64",45.2871,34.9092
"km,nk->nm","308,256,256",308,"BF16",118.854,230.273
"km,nk->nm","308,256,256",308,"FP32",60.1078,82.8129
"km,nk->nm","308,256,256",308,"FP64",44.4032,28.1353
"km,nk->nm","310,256,256",310,"BF16",110.241,127.627
"km,nk->nm","310,256,256",310,"FP32",60.1875,82.8981
"km,nk->nm","310,256,256",310,"FP64",45.018,32.4722
"km,nk->nm","312,256,256",312,"BF16",106.644,231.526
"km,nk->nm","312,256,256",312,"FP32",60.7209,82.3048
"km,nk->nm","312,256,256",312,"FP64",45.4063,33.8731
"km,nk->nm","314,256,256",314,"BF16",99.3651,126.99
"km,nk->nm","314,256,256",314,"FP32",60.0141,83.0299
"km,nk->nm","314,256,256",314,"FP64",44.7559,31.4742
"km,nk->nm","316,256,256",316,"BF16",107.475,231.968
"km,nk->nm","316,256,256",316,"FP32",60.156,81.9401
"km,nk->nm","316,256,256",316,"FP64",45.3417,28.7383
"km,nk->nm","318,256,256",318,"BF16",102.679,128.033
"km,nk->nm","318,256,256",318,"FP32",59.0161,80.784
"km,nk->nm","318,256,256",318,"FP64",45.4963,32.0555
"km,nk->nm","320,256,256",320,"BF16",104.41,219.787
"km,nk->nm","320,256,256",320,"FP32",59.4666,73.5027
"km,nk->nm","320,256,256",320,"FP64",45.1749,29.6653
"km,nk->nm","322,256,256",322,"BF16",103.744,126.599
"km,nk->nm","322,256,256",322,"FP32",60.3823,83.4842
"km,nk->nm","322,256,256",322,"FP64",45.5411,33.4477
"km,nk->nm","324,256,256",324,"BF16",110.281,228.595
"km,nk->nm","324,256,256",324,"FP32",60.0223,83.2085
"km,nk->nm","324,256,256",324,"FP64",44.6143,34.8548
"km,nk->nm","326,256,256",326,"BF16",104.595,127.02
"km,nk->nm","326,256,256",326,"FP32",60.3189,73.2714
"km,nk->nm","326,256,256",326,"FP64",44.7159,34.0138
"km,nk->nm","328,256,256",328,"BF16",109.715,231.172
"km,nk->nm","328,256,256",328,"FP32",59.3868,79.9654
"km,nk->nm","328,256,256",328,"FP64",45.636,31.0936
"km,nk->nm","330,256,256",330,"BF16",115.869,126.986
"km,nk->nm","330,256,256",330,"FP32",59.1535,80.3343
"km,nk->nm","330,256,256",330,"FP64",44.7102,30.0502
"km,nk->nm","332,256,256",332,"BF16",114.68,232.187
"km,nk->nm","332,256,256",332,"FP32",60.1058,80.3138
"km,nk->nm","332,256,256",332,"FP64",45.0592,33.7867
"km,nk->nm","334,256,256",334,"BF16",112.84,127.059
"km,nk->nm","334,256,256",334,"FP32",60.0595,82.1727
"km,nk->nm","334,256,256",334,"FP64",45.4053,28.2335
"km,nk->nm","336,256,256",336,"BF16",116.918,230.971
"km,nk->nm","336,256,256",336,"FP32",59.4902,79.7004
"km,nk->nm","336,256,256",336,"FP64",44.8719,27.8039
"km,nk->nm","338,256,256",338,"BF16",115.665,126.851
"km,nk->nm","338,256,256",338,"FP32",62.2014,81.4258
"km,nk->nm","338,256,256",338,"FP64",45.441,32.4358
"km,nk->nm","340,256,256",340,"BF16",110.384,228.738
"km,nk->nm","340,256,256",340,"FP32",62.038,77.1542
"km,nk->nm","340,256,256",340,"FP64",45.7152,32.3841
"km,nk->nm","342,256,256",342,"BF16",110.923,127.706
"km,nk->nm","342,256,256",342,"FP32",62.2957,82.3019
"km,nk->nm","342,256,256",342,"FP64",45.2043,31.2156
"km,nk->nm","344,256,256",344,"BF16",118.743,228.452
"km,nk->nm","344,256,256",344,"FP32",61.8857,62.3534
"km,nk->nm","344,256,256",344,"FP64",45.5391,28.1564
"km,nk->nm","346,256,256",346,"BF16",115.889,126.477
"km,nk->nm","346,256,256",346,"FP32",63.3325,81.9759
"km,nk->nm","346,256,256",346,"FP64",44.7631,27.8005
"km,nk->nm","348,256,256",348,"BF16",121.428,231.401
"km,nk->nm","348,256,256",348,"FP32",63.3007,79.362
"km,nk->nm","348,256,256",348,"FP64",45.0784,25.9003
"km,nk->nm","350,256,256",350,"BF16",112.149,126.585
"km,nk->nm","350,256,256",350,"FP32",61.9466,80.9447
"km,nk->nm","350,256,256",350,"FP64",45.2609,31.6507
"km,nk->nm","352,256,256",352,"BF16",119.139,229.126
"km,nk->nm","352,256,256",352,"FP32",62.2758,76.5939
"km,nk->nm","352,256,256",352,"FP64",45.6977,30.3764
"km,nk->nm","354,256,256",354,"BF16",115.572,126.053
"km,nk->nm","354,256,256",354,"FP32",63.4988,75.5937
"km,nk->nm","354,256,256",354,"FP64",45.6091,33.4795
"km,nk->nm","356,256,256",356,"BF16",117.541,227.972
"km,nk->nm","356,256,256",356,"FP32",63.1499,77.1952
"km,nk->nm","356,256,256",356,"FP64",45.7332,30.0723
"km,nk->nm","358,256,256",358,"BF16",116.216,125.658
"km,nk->nm","358,256,256",358,"FP32",62.0119,77.0725
"km,nk->nm","358,256,256",358,"FP64",45.6537,27.3633
"km,nk->nm","360,256,256",360,"BF16",114.003,226.926
"km,nk->nm","360,256,256",360,"FP32",62.6053,78.3605
"km,nk->nm","360,256,256",360,"FP64",45.6332,30.2096
"km,nk->nm","362,256,256",362,"BF16",116.89,125.658
"km,nk->nm","362,256,256",362,"FP32",62.6035,82.8606
"km,nk->nm","362,256,256",362,"FP64",45.7565,29.3803
"km,nk->nm","364,256,256",364,"BF16",117.758,226.671
"km,nk->nm","364,256,256",364,"FP32",62.1502,70.4225
"km,nk->nm","364,256,256",364,"FP64",45.6781,28.5739
"km,nk->nm","366,256,256",366,"BF16",115.932,125.153
"km,nk->nm","366,256,256",366,"FP32",61.5235,77.8203
"km,nk->nm","366,256,256",366,"FP64",45.6081,30.5887
"km,nk->nm","368,256,256",368,"BF16",116.679,223.889
"km,nk->nm","368,256,256",368,"FP32",62.6618,81.6036
"km,nk->nm","368,256,256",368,"FP64",45.6907,29.04
"km,nk->nm","370,256,256",370,"BF16",117.062,125.002
"km,nk->nm","370,256,256",370,"FP32",61.8133,77.2679
"km,nk->nm","370,256,256",370,"FP64",45.8238,26.9239
"km,nk->nm","372,256,256",372,"BF16",116.773,226.202
"km,nk->nm","372,256,256",372,"FP32",62.1712,81.7972
"km,nk->nm","372,256,256",372,"FP64",45.9122,32.0252
"km,nk->nm","374,256,256",374,"BF16",117.969,125.434
"km,nk->nm","374,256,256",374,"FP32",61.3329,82.5062
"km,nk->nm","374,256,256",374,"FP64",45.8108,26.5517
"km,nk->nm","376,256,256",376,"BF16",115.22,223.587
"km,nk->nm","376,256,256",376,"FP32",61.6243,81.6147
"km,nk->nm","376,256,256",376,"FP64",45.797,30.5897
"km,nk->nm","378,256,256",378,"BF16",116.697,125.919
"km,nk->nm","378,256,256",378,"FP32",62.0014,83.2395
"km,nk->nm","378,256,256",378,"FP64",45.4916,30.3547
"km,nk->nm","380,256,256",380,"BF16",116.378,228.718
"km,nk->nm","380,256,256",380,"FP32",63.2563,76.0092
"km,nk->nm","380,256,256",380,"FP64",45.8424,29.6621
"km,nk->nm","382,256,256",382,"BF16",117.568,125.306
"km,nk->nm","382,256,256",382,"FP32",61.5789,79.3927
"km,nk->nm","382,256,256",382,"FP64",45.5862,29.1829
"km,nk->nm","384,256,256",384,"BF16",114.231,214.086
"km,nk->nm","384,256,256",384,"FP32",60.6361,75.6927
"km,nk->nm","384,256,256",384,"FP64",45.8422,25.8532
"km,nk->nm","386,256,256",386,"BF16",118.068,124.798
"km,nk->nm","386,256,256",386,"FP32",61.5743,82.3097
"km,nk->nm","386,256,256",386,"FP64",45.8421,29.6448
"km,nk->nm","388,256,256",388,"BF16",114.254,228.632
"km,nk->nm","388,256,256",388,"FP32",62.4029,81.3038
"km,nk->nm","388,256,256",388,"FP64",45.5539,27.9038
"km,nk->nm","390,256,256",390,"BF16",118.737,126.179
"km,nk->nm","390,256,256",390,"FP32",60.5309,78.8414
"km,nk->nm","390,256,256",390,"FP64",45.5983,31.7725
"km,nk->nm","392,256,256",392,"BF16",112.556,225.757
"km,nk->nm","392,256,256",392,"FP32",62.1319,80.1657
"km,nk->nm","392,256,256",392,"FP64",45.8488,30.5652
"km,nk->nm","394,256,256",394,"BF16",117.741,124.936
"km,nk->nm","394,256,256",394,"FP32",62.514,78.7829
"km,nk->nm","394,256,256",394,"FP64",45.9286,29.4864
"km,nk->nm","396,256,256",396,"BF16",113.366,227.081
"km,nk->nm","396,256,256",396,"FP32",62.9066,82.0305
"km,nk->nm","396,256,256",396,"FP64",45.5538,30.3823
"km,nk->nm","398,256,256",398,"BF16",117.556,125.441
"km,nk->nm","398,256,256",398,"FP32",61.2657,76.3489
"km,nk->nm","398,256,256",398,"FP64",45.6966,29.7784
"km,nk->nm","400,256,256",400,"BF16",113.574,225.005
"km,nk->nm","400,256,256",400,"FP32",61.5855,79.7543
"km,nk->nm","400,256,256",400,"FP64",45.7374,26.2289
"km,nk->nm","402,256,256",402,"BF16",118.233,125.894
"km,nk->nm","402,256,256",402,"FP32",62.098,81.1541
"km,nk->nm","402,256,256",402,"FP64",45.6303,28.5459
"km,nk->nm","404,256,256",404,"BF16",111.145,226.734
"km,nk->nm","404,256,256",404,"FP32",62.3315,80.231
"km,nk->nm","404,256,256",404,"FP64",45.805,28.7181
"km,nk->nm","406,256,256",406,"BF16",118.273,125.433
"km,nk->nm","406,256,256",406,"FP32",62.0188,80.3746
"km,nk->nm","406,256,256",406,"FP64",45.662,26.2844
"km,nk->nm","408,256,256",408,"BF16",114.506,226.82
"km,nk->nm","408,256,256",408,"FP32",61.4333,81.9074
"km,nk->nm","408,256,256",408,"FP64",45.8832,26.0261
"km,nk->nm","410,256,256",410,"BF16",117.162,125.243
"km,nk->nm","410,256,256",410,"FP32",61.3847,81.7919
"km,nk->nm","410,256,256",410,"FP64",45.449,30.0382
"km,nk->nm","412,256,256",412,"BF16",114.032,227.234
"km,nk->nm","412,256,256",412,"FP32",62.1039,76.2293
"km,nk->nm","412,256,256",412,"FP64",45.6514,28.23
"km,nk->nm","414,256,256",414,"BF16",117.988,126.662
"km,nk->nm","414,256,256",414,"FP32",61.4812,76.0397
"km,nk->nm","414,256,256",414,"FP64",45.387,28.3843
"km,nk->nm","416,256,256",416,"BF16",113.984,220.145
"km,nk->nm","416,256,256",416,"FP32",61.7304,68.9465
"km,nk->nm","416,256,256",416,"FP64",45.712,25.3561
"km,nk->nm","418,256,256",418,"BF16",113.699,125.889
"km,nk->nm","418,256,256",418,"FP32",61.6709,80.2864
"km,nk->nm","418,256,256",418,"FP64",45.6204,29.1902
"km,nk->nm","420,256,256",420,"BF16",115.163,227.53
"km,nk->nm","420,256,256",420,"FP32",62.5651,81.6585
"km,nk->nm","420,256,256",420,"FP64",45.9053,28.1137
"km,nk->nm","422,256,256",422,"BF16",114.727,125.496
"km,nk->nm","422,256,256",422,"FP32",62.1823,81.6447
"km,nk->nm","422,256,256",422,"FP64",45.8002,28.4181
"km,nk->nm","424,256,256",424,"BF16",113.959,226.265
"km,nk->nm","424,256,256",424,"FP32",61.6231,71.2055
"km,nk->nm","424,256,256",424,"FP64",45.8734,27.5322
"km,nk->nm","426,256,256",426,"BF16",115.734,125.622
"km,nk->nm","426,256,256",426,"FP32",62.0788,77.5484
"km,nk->nm","426,256,256",426,"FP64",45.8908,28.7282
"km,nk->nm","428,256,256",428,"BF16",113.574,224.732
"km,nk->nm","428,256,256",428,"FP32",62.5008,77.2478
"km,nk->nm","428,256,256",428,"FP64",45.8266,28.5258
"km,nk->nm","430,256,256",430,"BF16",113.946,125.996
"km,nk->nm","430,256,256",430,"FP32",62.152,74.4328
"km,nk->nm","430,256,256",430,"FP64",45.451,28.9488
"km,nk->nm","432,256,256",432,"BF16",109.784,222.044
"km,nk->nm","432,256,256",432,"FP32",62.1545,67.4247
"km,nk->nm","432,256,256",432,"FP64",45.8225,26.9536
"km,nk->nm","434,256,256",434,"BF16",113.854,125.724
"km,nk->nm","434,256,256",434,"FP32",62.4359,81.2479
"km,nk->nm","434,256,256",434,"FP64",45.6201,29.4682
"km,nk->nm","436,256,256",436,"BF16",110.25,226.712
"km,nk->nm","436,256,256",436,"FP32",62.449,80.1725
"km,nk->nm","436,256,256",436,"FP64",45.9828,29.2431
"km,nk->nm","438,256,256",438,"BF16",113.039,124.661
"km,nk->nm","438,256,256",438,"FP32",61.8592,80.2134
"km,nk->nm","438,256,256",438,"FP64",45.8252,28.2522
"km,nk->nm","440,256,256",440,"BF16",110.861,223.72
"km,nk->nm","440,256,256",440,"FP32",62.1709,81.2934
"km,nk->nm","440,256,256",440,"FP64",45.7727,28.8025
"km,nk->nm","442,256,256",442,"BF16",111.912,123.934
"km,nk->nm","442,256,256",442,"FP32",61.9779,76.1938
"km,nk->nm","442,256,256",442,"FP64",45.8981,28.8228
"km,nk->nm","444,256,256",444,"BF16",111.019,223.22
"km,nk->nm","444,256,256",444,"FP32",62.0207,80.8589
"km,nk->nm","444,256,256",444,"FP64",45.6086,28.7033
"km,nk->nm","446,256,256",446,"BF16",114.335,124.945
"km,nk->nm","446,256,256",446,"FP32",62.7434,79.5053
"km,nk->nm","446,256,256",446,"FP64",46.0218,29.0457
"km,nk->nm","448,256,256",448,"BF16",117.901,209.744
"km,nk->nm","448,256,256",448,"FP32",62.0648,72.9872
"km,nk->nm","448,256,256",448,"FP64",46.1134,27.2822
"km,nk->nm","450,256,256",450,"BF16",112.333,124.891
"km,nk->nm","450,256,256",450,"FP32",61.7672,78.395
"km,nk->nm","450,256,256",450,"FP64",46.0421,30.6405
"km,nk->nm","452,256,256",452,"BF16",115.165,227.851
"km,nk->nm","452,256,256",452,"FP32",63.4881,80.1548
"km,nk->nm","452,256,256",452,"FP64",45.854,28.7426
"km,nk->nm","454,256,256",454,"BF16",114.305,118.096
"km,nk->nm","454,256,256",454,"FP32",62.4333,74.9484
"km,nk->nm","454,256,256",454,"FP64",45.6543,29.6379
"km,nk->nm","456,256,256",456,"BF16",112.932,225.525
"km,nk->nm","456,256,256",456,"FP32",62.3265,76.2495
"km,nk->nm","456,256,256",456,"FP64",46.0054,29.4865
"km,nk->nm","458,256,256",458,"BF16",112.546,124.269
"km,nk->nm","458,256,256",458,"FP32",62.3591,80.4124
"km,nk->nm","458,256,256",458,"FP64",45.8625,29.4277
"km,nk->nm","460,256,256",460,"BF16",113.923,225.21
"km,nk->nm","460,256,256",460,"FP32",62.6359,74.1187
"km,nk->nm","460,256,256",460,"FP64",45.8378,29.2633
"km,nk->nm","462,256,256",462,"BF16",115.007,126.294
"km,nk->nm","462,256,256",462,"FP32",63.036,82.1745
"km,nk->nm","462,256,256",462,"FP64",46.1744,30.046
"km,nk->nm","464,256,256",464,"BF16",112.633,223.665
"km,nk->nm","464,256,256",464,"FP32",62.8824,75.8148
"km,nk->nm","464,256,256",464,"FP64",46.1405,29.0784
"km,nk->nm","466,256,256",466,"BF16",113.692,125.707
"km,nk->nm","466,256,256",466,"FP32",63.0544,79.5375
"km,nk->nm","466,256,256",466,"FP64",45.9701,30.1586
"km,nk->nm","468,256,256",468,"BF16",115.941,223.463
"km,nk->nm","468,256,256",468,"FP32",62.7042,75.4734
"km,nk->nm","468,256,256",468,"FP64",45.9452,28.4866
"km,nk->nm","470,256,256",470,"BF16",114.723,107.556
"km,nk->nm","470,256,256",470,"FP32",63.2488,80.4319
"km,nk->nm","470,256,256",470,"FP64",46.0822,28.3735
"km,nk->nm","472,256,256",472,"BF16",116.757,224.582
"km,nk->nm","472,256,256",472,"FP32",62.5683,75.2535
"km,nk->nm","472,256,256",472,"FP64",46.2104,27.706
"km,nk->nm","474,256,256",474,"BF16",114.093,125.706
"km,nk->nm","474,256,256",474,"FP32",62.386,62.3423
"km,nk->nm","474,256,256",474,"FP64",46.0467,29.2301
"km,nk->nm","476,256,256",476,"BF16",113.865,224.144
"km,nk->nm","476,256,256",476,"FP32",62.5234,81.6203
"km,nk->nm","476,256,256",476,"FP64",45.8971,28.1884
"km,nk->nm","478,256,256",478,"BF16",121.206,125.286
"km,nk->nm","478,256,256",478,"FP32",61.5946,73.8715
"km,nk->nm","478,256,256",478,"FP64",45.5196,27.9367
"km,nk->nm","480,256,256",480,"BF16",129.938,220.933
"km,nk->nm","480,256,256",480,"FP32",64.8864,68.4709
"km,nk->nm","480,256,256",480,"FP64",45.8506,27.6124
"km,nk->nm","482,256,256",482,"BF16",108.783,124.668
"km,nk->nm","482,256,256",482,"FP32",60.3274,79.3143
"km,nk->nm","482,256,256",482,"FP64",45.7282,29.7088
"km,nk->nm","484,256,256",484,"BF16",115.038,224.397
"km,nk->nm","484,256,256",484,"FP32",63.2684,78.6631
"km,nk->nm","484,256,256",484,"FP64",46.0765,28.1087
"km,nk->nm","486,256,256",486,"BF16",113.193,126.38
"km,nk->nm","486,256,256",486,"FP32",62.8964,77.882
"km,nk->nm","486,256,256",486,"FP64",45.9045,28.301
"km,nk->nm","488,256,256",488,"BF16",116.041,224.12
"km,nk->nm","488,256,256",488,"FP32",62.8687,79.7645
"km,nk->nm","488,256,256",488,"FP64",46.2511,28.3373
"km,nk->nm","490,256,256",490,"BF16",112.738,125.643
"km,nk->nm","490,256,256",490,"FP32",62.8867,81.57
"km,nk->nm","490,256,256",490,"FP64",45.8241,28.9847
"km,nk->nm","492,256,256",492,"BF16",115.437,225.796
"km,nk->nm","492,256,256",492,"FP32",63.0827,78.3658
"km,nk->nm","492,256,256",492,"FP64",45.6842,29.355
"km,nk->nm","494,256,256",494,"BF16",122.892,125.962
"km,nk->nm","494,256,256",494,"FP32",62.3475,75.6593
"km,nk->nm","494,256,256",494,"FP64",46.2055,27.5396
"km,nk->nm","496,256,256",496,"BF16",129.074,219.694
"km,nk->nm","496,256,256",496,"FP32",64.8672,74.3157
"km,nk->nm","496,256,256",496,"FP64",46.1133,28.3275
"km,nk->nm","498,256,256",498,"BF16",115.198,125.203
"km,nk->nm","498,256,256",498,"FP32",62.5,80.4945
"km,nk->nm","498,256,256",498,"FP64",46.0936,28.5627
"km,nk->nm","500,256,256",500,"BF16",116.083,226.016
"km,nk->nm","500,256,256",500,"FP32",63.4887,78.1249
"km,nk->nm","500,256,256",500,"FP64",46.128,28.9526
"km,nk->nm","502,256,256",502,"BF16",122.341,125.777
"km,nk->nm","502,256,256",502,"FP32",63.0508,72.4456
"km,nk->nm","502,256,256",502,"FP64",46.0924,28.8245
"km,nk->nm","504,256,256",504,"BF16",127.253,225.33
"km,nk->nm","504,256,256",504,"FP32",64.8895,64.6433
"km,nk->nm","504,256,256",504,"FP64",46.2223,28.8484
"km,nk->nm","506,256,256",506,"BF16",126.781,124.154
"km,nk->nm","506,256,256",506,"FP32",62.5035,75.0066
"km,nk->nm","506,256,256",506,"FP64",46.0719,30.5434
"km,nk->nm","508,256,256",508,"BF16",124.443,220.992
"km,nk->nm","508,256,256",508,"FP32",65.1735,74.4956
"km,nk->nm","508,256,256",508,"FP64",45.9194,28.9433
"km,nk->nm","510,256,256",510,"BF16",129.001,125.286
"km,nk->nm","510,256,256",510,"FP32",64.3508,73.7361
"km,nk->nm","510,256,256",510,"FP64",45.8186,29.606
"km,nk->nm","512,256,256",512,"BF16",121.63,211.874
"km,nk->nm","512,256,256",512,"FP32",61.3475,73.7258
"km,nk->nm","512,256,256",512,"FP64",46.075,27.3952
